{"Standard_E4as_v4": 0.03528, "Standard_E4ds_v4": 0.04032, "Standard_E4ds_v5": 0.04032, "Standard_E8as_v4": 0.07056, "Standard_E8ds_v4": 0.08064, "Standard_E16as_v4": 0.14112, "Standard_E16ds_v4": 0.16128, "Standard_E16ds_v5": 0.16128, "Standard_E32as_v4": 0.28224, "Standard_E32as_v5": 0.25312, "Standard_E32ds_v4": 0.32256, "Standard_E32ds_v5": 0.32256, "Standard_E64as_v4": 0.56448, "Standard_E64ds_v4": 0.64512, "Standard_E64ds_v5": 0.64512}